mass,mode,omega,GBF,log10GBF,flux_check,alpha_re,alpha_im,beta_re,beta_im,x_extract,x_end,r_end,method,eps,rtol,atol,success
5.000000000000e-01,2,1.000000000000e+00,9.845125525064e-01,-6.778742248566e-03,1.000003046914e+00,-8.212092125239e-01,5.842486722816e-01,3.454117795185e-03,1.253638861597e-01,9.500000000000e-01,9.999000000000e-01,1.000000000000e+04,DOP853,1.000000000000e-06,1.000000000000e-09,1.000000000000e-11,True
5.000000000000e-01,2,9.253846153846e-01,9.491634443958e-01,-2.265899633220e-02,1.000003007128e+00,-9.707778472577e-01,3.333912095416e-01,8.257752876688e-03,2.312750088433e-01,9.500000000000e-01,9.999000000000e-01,1.000000000000e+04,DOP853,1.000000000000e-06,1.000000000000e-09,1.000000000000e-11,True
5.000000000000e-01,2,8.507692307692e-01,8.419037179159e-01,-7.473757259625e-02,1.000002727128e+00,-1.088549965577e+00,-5.332214140219e-02,1.963057094916e-02,4.328928180013e-01,9.500000000000e-01,9.999000000000e-01,1.000000000000e+04,DOP853,1.000000000000e-06,1.000000000000e-09,1.000000000000e-11,True
5.000000000000e-01,2,7.761538461538e-01,5.945868457246e-01,-2.257847030901e-01,1.000001977411e+00,-1.115176469556e+00,-6.619830372648e-01,4.670787382639e-02,8.244128195206e-01,9.500000000000e-01,9.999000000000e-01,1.000000000000e+04,DOP853,1.000000000000e-06,1.000000000000e-09,1.000000000000e-11,True
5.000000000000e-01,2,7.015384615385e-01,2.791137244109e-01,-5.542188081212e-01,1.000000297120e+00,-9.205912765621e-01,-1.653868405904e+00,1.119051411585e-01,1.603198660426e+00,9.500000000000e-01,9.999000000000e-01,1.000000000000e+04,DOP853,1.000000000000e-06,1.000000000000e-09,1.000000000000e-11,True
5.000000000000e-01,2,6.269230769231e-01,8.842425815760e-02,-1.053428575046e+00,9.999967112931e-01,-2.151723223858e-01,-3.356011724087e+00,2.715338996083e-01,3.199279051692e+00,9.500000000000e-01,9.999000000000e-01,1.000000000000e+04,DOP853,1.000000000000e-06,1.000000000000e-09,1.000000000000e-11,True
5.000000000000e-01,2,5.523076923077e-01,2.223453254333e-02,-1.652971996684e+00,9.999889987247e-01,1.666533555239e+00,-6.495979626724e+00,6.725092015069e-01,6.597183321442e+00,9.500000000000e-01,9.999000000000e-01,1.000000000000e+04,DOP853,1.000000000000e-06,1.000000000000e-09,1.000000000000e-11,True
5.000000000000e-01,2,4.776923076923e-01,4.863898603913e-03,-2.313015487235e+00,9.999717238888e-01,6.322830722451e+00,-1.286927359368e+01,1.715451122706e+00,1.420048051636e+01,9.500000000000e-01,9.999000000000e-01,1.000000000000e+04,DOP853,1.000000000000e-06,1.000000000000e-09,1.000000000000e-11,True
5.000000000000e-01,2,4.030769230769e-01,9.318726580626e-04,-3.030643430649e+00,9.999297539007e-01,1.784090442034e+01,-2.747380797775e+01,4.564316059600e+00,3.242337250330e+01,9.500000000000e-01,9.999000000000e-01,1.000000000000e+04,DOP853,1.000000000000e-06,1.000000000000e-09,1.000000000000e-11,True
5.000000000000e-01,2,3.284615384615e-01,1.498761879385e-04,-3.824267361604e+00,9.998175724595e-01,4.766741784028e+01,-6.633242983037e+01,1.294506706710e+01,8.064489687399e+01,9.500000000000e-01,9.999000000000e-01,1.000000000000e+04,DOP853,1.000000000000e-06,1.000000000000e-09,1.000000000000e-11,True
5.000000000000e-01,2,2.538461538462e-01,1.837457645557e-05,-4.735782662863e+00,9.993740417485e-01,1.326186276860e+02,-1.919253051342e+02,4.046113139032e+01,2.297496912571e+02,9.500000000000e-01,9.999000000000e-01,1.000000000000e+04,DOP853,1.000000000000e-06,1.000000000000e-09,1.000000000000e-11,True
5.000000000000e-01,2,1.792307692308e-01,1.391905088587e-06,-5.856390377447e+00,9.979243696434e-01,4.254784468145e+02,-7.330810880274e+02,1.529022364959e+02,8.337024040251e+02,9.500000000000e-01,9.999000000000e-01,1.000000000000e+04,DOP853,1.000000000000e-06,1.000000000000e-09,1.000000000000e-11,True
5.000000000000e-01,2,1.046153846154e-01,3.687717884139e-08,-7.433242310516e+00,9.776499234140e-01,1.901929463402e+03,-4.847649545224e+03,8.100811586404e+02,5.144007128284e+03,9.500000000000e-01,9.999000000000e-01,1.000000000000e+04,DOP853,1.000000000000e-06,1.000000000000e-09,1.000000000000e-11,True
5.000000000000e-01,2,3.000000000000e-02,2.946653276687e-10,-9.530670963193e+00,2.350559234619e-01,7.011560649039e+03,-5.783181301754e+04,3.252834060084e+03,5.816441910630e+04,9.500000000000e-01,9.999000000000e-01,1.000000000000e+04,DOP853,1.000000000000e-06,1.000000000000e-09,1.000000000000e-11,True
